Action point,Group,Region,Dimension,Priority
"Integrating the first and second line, which requires sufficiently large territories",1,W,BA,0
Defining territories at local level -> PPLW SISD tries to define local territories that make sense,1,W,SG,1
Defining territories in co-construction with different SISD actors. Local territories under SISD territory,1,W,SG,0
Restructuring and simplifying governance -> overhaul of the whole system,1,W,SG,0
Meeting existing structures - meeting with politicians,1,W,SG,0
Participating in change,1,W,SG,0
Listening to the field about the real difficulties and needs,1,W,SG,1
Linking territorial structuring with the second line (hospital networks = third line),1,W,SG,0
Fixing projects after a certain lifespan out of the pilot phase,1,W,FF,2
"Reviewing funding to make it more equal, but not with a view to making savings",1,W,FF,0
Funding certain representatives of each profession (both at federal and regional level) to enable them to participate in good conditions in exchanges/meetings and take part in strategic decisions on health,1,W,FF,0
"Giving flexibility in funding, allowing shifts from one to the other",1,W,FF,0
"Grouping of small structures to facilitate the administrative side (e.g. Dinant, Verviers, Fosse-la-ville, Charleroi grouping SISD, RML, MG) -> Mutualisation",1,W,FF,0
Defining common funding at political level to create a dome -> need for common territory,1,W,FF,0
"Merging but to work better, not to save money",1,W,FF,0
"Financing working meetings, time for network consultation",1,W,FF,1
Financing coordination,1,W,FF,0
Funding a coordinator within the network who will facilitate the return home. Reflection on communication procedures between the hospital and the home,1,W,FF,0
"Creating an articulation cell at the home level including pharmacist, family help,... ",1,W,FF,0
Financing governance at the local level,1,W,"BA,SG,FF",7
Questioning what works well on the ground but also what policy is in place that works on the ground,1,W,"BA,SG,FF",8
Maintaining a climate on both sides (political terrain) to share what works well,1,W,"BA,SG,FF",5
Setting up a Digital Learning between SSMG and dietitians association (ongoing),1,W,"BA,SG,FF",0
"Carrying out reflections with all the stakeholders, which requires funding for consultation",1,W,"BA,SG,FF",0
"Strengthen, structure and stabilise the first line of care",2,W,BA,0
 Informing providers of what Integrated Care is,2,W,BA,0
Creating a patient-centred multidisciplinary group,2,W,BA,0
Holding working meetings between providers to define a vision for each region,2,W,BA,0
Informing providers and patients,2,W,BA,3
Influencing providers to group together at local level,2,W,BA,0
Defining pilot integrated care,2,W,BA,3
Boosting multidisciplinary concertations ,2,W,BA,14
Developping a simple and user-friendly communication process,2,W,RC,0
Moving forward with those who are motivated and show those who are not convinced that it works... ,2,W,RC,4
Showing positive concrete examples to increase support,2,W,RC,4
Finding/showing what is the added value for each actor to move towards integrated care,2,W,RC,4
Facilitating/translating for those who are not motivated and supporting change,2,W,RC,0
"Starting local, start small with motivated people who then become ambassadors",2,W,RC,1
"Evaluating what we are doing not only in terms of efficiency or financial studies but also in terms of quality of life, If we want to be convincing",2,W,RC,2
Promoting the decentralised aspect for Integrated Care to show if it is effective and have buy-in,2,W,RC,0
Getting out of the RIZIV framework (to have an innovative financing and not only an innovative project),2,W,FF,9
"Investing enough money, tailored to needs (not matching needs to finances)",2,W,FF,0
Defining a fair financial incentive,2,W,FF,0
Sustaining funding over time (e.g. Multidisciplinary care should not stop at a consultation),2,W,FF,0
Proposing (micro-level) new initiatives,2,W,FF,0
Supporting government-to-government agreements to enable the emergence of new financing models,2,W,FF,0
Proposing ideas from the field to develop some new financing models,2,W,FF,0
Exchanging good practice,2,W,"BA,RC,FF",6
Structuring / organising communication between providers,2,W,"BA,RC,FF",3
"Developping priority communication channels - secure intranet, ehealth box for non-doctors",2,W,"BA,RC,FF",0
Circulating information through RSW,2,W,"BA,RC,FF",0
"Involving certain professionals more in consultations, such as pharmacists",2,W,"BA,RC,FF",0
Creating secure corridors for sharing certain information. How can we address the issue of data protection for providers who do not yet have access? ,2,W,"BA,RC,FF",0
Helping actors to find support/be accompanied/accompany also on evaluation,2,W,"BA,RC,FF",1
Further defining the tasks of home care coordinators,2,W,"BA,RC,FF",2
Integrating also support services... These services do not currently have access to the Walloon health network,2,W,"BA,RC,FF",0
Defining the governance of Integrated Care . Who should govern Integrated Care? Probably not the hospital,2,W,"BA,RC,FF",1
Thinking integration at all levels. Small initiatives should be as transversal as possible (e.g. mental health),2,W,"BA,RC,FF",2
Defining a consultation coordinator... GP or practice assistant... New profession to be defined,2,W,"BA,RC,FF",1
Making greater use of the coordination centres. ,2,W,"BA,RC,FF",0
Binding criteria for coordination centres to keep the file active.,2,W,"BA,RC,FF",0
Training professionals on the population approach,3,W,PA,0
Anticipating health problems / developing a proactive approach by trusted providers,3,W,PA,0
Funding nomenclature of community health actions ,3,W,PA,0
"Developping a population-based approach to the territory, create a network, work across sectors",3,W,PA,0
Training in the use of data (how to interpret),3,W,PA,0
Strengthening training,3,W,PA,2
Creating/ strengthening a new function to promote the pop approach,3,W,PA,0
Sustaining existing services (Protocol 3) ,3,W,PA,3
"Defining territories can be done in different ways administrative, but also different reality according to different professionals, tool that allows collaborative work (BOOST, ZZL)",3,W,PA,0
Training in the use of dashboards -> how data can help me in my practice,3,W,PA,0
Informing service providers of the added value in their work,3,W,PA,0
Raising awareness of computer security,3,W,DI,3
Having a common Integrated Patient Record,3,W,DI,0
Developping IT access/tools between hospitals and 1st and 2nd line ,3,W,DI,10
Equipping all territories properly,3,W,DI,0
Taking into account the beneficiaries impacted by the digital divide,3,W,DI,2
Informing professionals about IT security/data sharing,3,W,DI,0
Facilitating access to the software for the teacher but for the patient/beneficiary,3,W,DI,0
"Opening access to paramedics and social workers (e.g. BelRai, RSM and coordination)",3,W,DI,2
Developping a digital tool with different recognised and accessible training courses to improve communication,3,W,CB,0
Having a specific training envelope and a training obligation,3,W,CB,3
Developing training in multidisciplinary work,3,W,CB,0
Continuing initiatives such as those undertaken by the LUSS -> funding needed,3,W,CB,0
Decompartmentalising courses within faculties (e.g. drug review with doctors in training),3,W,CB,0
Reinforcing cross-trade training,3,W,CB,0
Communicating what exists (e.g. RW training vouchers) and is underused,3,W,CB,0
Reviewing the criteria for access to certain funding (e.g. RW cheque for companies with less than 250 employees and not NPOs). ,3,W,CB,0
Increasing Resources in ALL sectors  ,3,W,"PA,DI,CB",5
Developing the skills to file information but also to mobilise them RSW,3,W,"PA,DI,CB",0
Developing continuous training for 1st and 2nd line professionals,3,W,"PA,DI,CB",0
Redefining who does what (political role),3,W,"PA,DI,CB",0
Redefining roles and thinking about access in a horizontal and not patriarchal way (medical-centric),3,W,"PA,DI,CB",2
Shifting paradigm in the vocabulary used... We invest in health care! it's not an expense,3,W,"PA,DI,CB",0
"Training, encouraging and informing health professionals to make optimal use of the RSW as a tool for integrated care",3,W,"PA,DI,CB",0
"Communicating more about existing training courses, including e-health",3,W,"PA,DI,CB",0
Showing things differently from university to raise awareness of Integrated Care,3,W,"PA,DI,CB",0
Building trust in networks ,3,W,"PA,DI,CB",1
Funding networking and donating them in a fair way,3,W,"PA,DI,CB",0
Drawing inspiration from the French health referents -> setting up something at territorial level,3,W,"PA,DI,CB",0
Developing support for the ongoing assessment of the needs of the population,4,W,PA,3
Organising a first line of care consultation in territories defined on an intersectoral basis,4,W,PA,11
Providing regular feedback to policy makers on the particularities of the field (e.g. dashboard designed by local actors),4,W,PA,1
Enabling health professionals to intervene in schools (prevention),4,W,PA,0
Empowering people to act,4,W,PA,0
Informing and developing therapeutic patient education practices,4,W,PA,0
"Working with patient groups, better visibility of needs, including patients in projects",4,W,PA,0
Making AIM data available free of charge for Integreo projects and future Frontline Zones,4,W,PA,0
Including local authorities (neighbourhood consultations) - loco-local approach (ex MMF),4,W,PA,0
Training/informing health and social workers,4,W,PA,2
Going back and forth between macro (IMA type) and micro (field data) information,4,W,PA,3
Developing health literacy for better communication ,4,W,PA,0
"Drawing on existing experience (e.g.: Concerted strategy on COVID monitoring, which brings together a whole range of professionals who have been able to bring the experience of their public -> local concertation identification of the problems of the populations and the resources that they have implemented and then actions)",4,W,PA,0
Continuing to develop concertation forums,4,W,PC,0
Creating more exchanges between care structures (e.g. MM and hospitals),4,W,PC,2
Linking care structures and local consultations exist,4,W,PC,1
"Supporting the change management of the different care lines (e.g. listening and understanding the issues of each provider) Need a structure that supports and organises meetings, etc",4,W,PC,1
Having spaces to exchange in a practical way (e.g.: live my life in other institutions),4,W,PC,0
Writtening communication not necessarily evident for all providers (e.g. home help),4,W,PC,0
Changing habits,4,W,PC,0
Developping community health consultation with patient participation ,4,W,PC,0
Supportting interdisciplinary/inter-organisational consultation forums at the meso-professional level,4,W,PC,0
"Creating functions that allow for decompartmentalisation (e.g. CM who goes to the hospital, a kind of super CM who goes to the various living areas at specific times of transition)",4,W,PC,0
"Creating places for consultation (e.g. SISD would serve as a facilitator at the consultation level, not necessarily needing the presence of an attending physician)",4,W,PC,0
Putting people back at the centre of decision-making.,4,W,PC,0
"Creating a new function of change advisor (e.g. medication review for Resinam pharmacists, highlighting difficulties and thus reducing the administrative burden) For the time being, coordinator of Integreo projects ",4,W,PC,0
Co-constructing consultation methods and objectives with stakeholders to involve everyone and encourage participation,4,W,PC,0
"Reactivating some existing concertation Facilitate the exchange of actions, facilitate communication. CLPS social and mental health consultation, difficulty in mobilising care providers",4,W,PC,0
Including patients in a steering committee,4,W,"PA,PC,IM",0
Highlighting what is already being done,4,W,"PA,PC,IM",0
Building on and improving what already exists,4,W,"PA,PC,IM",0
Building on what exists,4,W,"PA,PC,IM",0
Making the invisible visible to avoid putting a layer on the existing,4,W,"PA,PC,IM",0
Starting the process of the Front Line Conferences to enter into dialogue ,4,W,IM,4
Standardizing digital tools (everyone at their own place with their own data without access to other institutions),4,W,IM,0
Supporting change,4,W,IM,2
"Organising places to listen to care providers (e.g. informal places during the covid between different structures in Namur resinam RGN, etc)",4,W,IM,0
Providing double funding at the beginning of the change (where necessary),4,W,IM,3
"Supporting communities of practice (e.g. P3 community of practice) Building on each other (e.g. caseload CM, ...). ",4,W,IM,0
Enabling aid staff to have access to care data,4,W,IM,1
Increasing knowledge and training of digital tools for patients (e.g. training accompanied by CMs),5,W,PA,0
"Developing skills in the initial training curriculum (health education, health literacy, etc.)",5,W,PA,1
Rethinking funding for frontline providers to strengthen actions that empower people,5,W,PA,5
Offering an alternative to digital for patients who are not digitally literate,5,W,PA,3
"Involving the population in a community development perspective upstream of the health care system (e.g. school, community centre, etc.). Acquire skills before being in the care system.",5,W,PA,5
Providing internet access to our patients via computer support or have the time to train them,5,W,PA,0
Creating explanatory patient consultations,5,W,PA,0
"Thinking about new functions (e.g. advanced practice nurses often defined by hospitals, GPs less present to define how they could play a frontline role)",5,W,PA,0
"Strengthening the case manager function by clarifying the function (legal framework, etc.).",5,W,PC,2
Using/creating a digital liaison book (have instantaneous and interdisciplinary information) (including care plan),5,W,PC,0
Introducing multidisciplinary consultation in studies,5,W,PC,0
Organising contacts between 1st and 2nd line (e.g. direct contact with specialists),5,W,PC,5
Creating associations so that independent service providers in the same territory can exchange (one or two meetings per year) - CSD FN Floreffe),5,W,PC,0
Implementing curative and preventive measures in projects from the project design stage (with adequate funding for each component),5,W,PC,2
Engaging a case manager,5,W,PC,0
Developing case management training ,5,W,PC,0
Encouraging cross-disciplinary courses/work/etc. In the initial training of health care workers,5,W,PC,0
"Clarifiing coordination practices by territory, by providers themselves, between them (e.g. common tools used between providers) (better knowledge of services)",5,W,PC,3
Assessing the patient at baseline,5,W,PC,0
"Setting up evaluation support teams (independent of funding) (such as mobile teams in palliative care, mental health,...)",5,W,EM,2
"Developing general recommendations for evaluations to be carried out in a similar way, although adaptable to individual projects",5,W,EM,0
Seeing how integrated care works in a given territory,5,W,EM,0
Drawing lessons on how to evaluate projects (e.g. counting health care expenditure on territories is not fine enough in the short term). Choice of evaluation criteria,5,W,EM,3
Following-up evaluation on the territories would allow exchanges between territories,5,W,EM,0
Supporting peer helper associations,6,W,CE,3
Listening to,6,W,CE,0
"Creating a communication application, with the patient at the centre",6,W,CE,0
Training patient volunteers,6,W,CE,0
Offering information sessions in schools,6,W,CE,0
Introducing the notion of patient empowerment in the training curriculum of health professionals,6,W,CE,0
Including patients in the creation of new projects,6,W,CE,2
Distributing health brochures in shops,6,W,CE,0
Training providers in motivational interviewing,6,W,CE,0
"Financing ""less"" technical procedures ",6,W,CE,0
"Launching ""patient trainer"" pilot projects as in Canada",6,W,CE,2
Giving concrete tasks to patient committees in hospitals,6,W,CE,0
Decompartmentalising,6,W,SG,2
Defining the functions played by each of the structures (e.g. SISD is an umbrella for different structures but has no authority over them),6,W,SG,1
involving local politicians (alderman for health),6,W,SG,1
Having guarantees of shared governance (design and continuity... not just signatures),6,W,SG,0
Evaluating what is already working,6,W,SG,0
Thinking about how to validate processes in different structures (e.g. care pathways) and how to decide to implement them on a large scale,6,W,SG,2
Daring to use virtual meetings to hold consultation meetings if it is not possible to do so live or if it allows the participation of all the participants. Maintain COVID funding,6,W,SG,0
Strengthening and invigorating SISD,6,W,SG,0
Boosting local policies to support local actors through the social cohesion plan,6,W,SG,0
"Starting from local realities, adapting good practices to the realities of the territories ",6,W,SG,5
"Clarifiing the roles and missions of the different actors, otherwise it remains dependent actors",6,W,SG,1
"Working on concertation validation processes (e.g.: review of medicines, the pharmacist does his review then there is a review by the GP)",6,W,SG,3
Creating an application that allows you to communicate with all the people involved in the patient's life in an instantaneous way. And that when you type the patient's name and not the doctor's name; ,6,W,SG,0
Bringging together stakeholders around themes,6,W,RI,0
Finding 'driving' objectives to motivate the actors,6,W,RI,0
Putting the human back in,6,W,RI,1
Publicising successes,6,W,RI,0
Sanctioning the lack of results - defining evaluation criteria - benchmarking the different territories by comparing the different types of organisations,6,W,RI,0
Training in change management,6,W,RI,0
Providing resources,6,W,RI,0
Standardizing software,6,W,"CE,SG,RI",8
Introducing change management methodologies,6,W,"CE,SG,RI",0
Carriing out a risk analysis and stratification,6,W,"CE,SG,RI",3
Having action plans supported by scientific societies,6,W,"CE,SG,RI",0
Increasing awareness of some of the funding available (e.g. palliative package),6,W,"CE,SG,RI",0
Creating a permanent inter-ministerial conference,6,W,"CE,SG,RI",2
Carriing out an analysis and stratification of the network actors,6,W,"CE,SG,RI",0
Assessing the needs of the population and disseminating them,6,W,"CE,SG,RI",2
Bringging together actors and decision-makers around a round table!,6,W,"CE,SG,RI",3
Training the coordinators in the role of coach for the network and among others of MG,6,W,"CE,SG,RI",3
"Plaiing on youth, train young people in networking dynamics, interdisciplinary work,... ",6,W,"CE,SG,RI",0
Informing about the difference in role between coordi and CM (e.g. at hospital level when to call and in what circumstances),6,W,"CE,SG,RI",0
Defining objectives for change,6,W,"CE,SG,RI",1
Increasing knowledge of goal-oriented care,1,FL,BA,3
Introducing patient empowerment in primary care,1,FL,BA,0
Searching for other care givers (collegues) and getting to know them based on a patient's concrete goals,1,FL,BA,0
Communicating ambition/vision to both care providers & citizens,1,FL,BA,0
Financial support for nurses in general practices,1,FL,BA,1
Organising networking opportunities (e.g. by primary care zone),1,FL,BA,0
Engaging the patient (by goal-oriented care),1,FL,BA,5
Maintaining reimbursement for teleconsultations,1,FL,BA,0
Implementing the 'sociale kaart' with mention of informal actors and neighbourhood initiatives,1,FL,BA,0
Aligning different platforms,1,FL,DI,0
"Scaling up resources within primary care zones to preserve learning points, relationships, competences from C-19",1,FL,DI,0
Using caring neighbourhoods to support people with digital problems,1,FL,DI,0
Developing one digital patient-record that enables seamless interdisciplinary communication,1,FL,DI,19
Developing one digital patient-record for all healthcare providers,1,FL,DI,0
Making digital communication simpler and more seamless (example: by eHealthbox or chat function),1,FL,DI,0
Aligning digital infrastructure to specific target groups and facilitating that as health care provider,1,FL,DI,1
Defining outcomes/goals together with the patient,1,FL,EM,2
"Creating a ""Learning health system""",1,FL,EM,2
Devoloping tools for evaluation,1,FL,EM,0
"Linking data sources to be able to compare data and make policy on the this (example linking scuby, intego, ima)",1,FL,EM,0
Questioning the patient in a systematic way,1,FL,EM,0
Creating an implementation strategy with concrete actions,1,FL,EM,0
Facilitating alignment with government,1,FL,EM,0
Developing a framework for quality measurement,1,FL,EM,1
Creating and agreeing upon an interfederal collaboration agreement,1,FL,"BA,DI,EM",3
"Integrating all, with preserving quality of care",1,FL,"BA,DI,EM",0
Alignment between authorities with clarity where the responsibility lies and agreements to better work together,1,FL,"BA,DI,EM",0
Creating learning and information sharing networks,1,FL,"BA,DI,EM",0
Reducing framentation at policy level to facilitate innovation,1,FL,"BA,DI,EM",1
Strengthening primary care zones by more resources (financial and staff),1,FL,"BA,DI,EM",0
"Expanding possibilities for MDO (more than 1x/year, more disciplines involved)",1,FL,"BA,DI,EM",0
Defining mandates and delineating echelons,2,FL,BA,4
Defining and clarifying objectives and responsibilities,2,FL,BA,0
Creating an adequate communication and data exchange system including a digital patient record,2,FL,BA,14
Increasing impact/efficiency by having a minimum volume within a primary care zone (30000 inhabitants) so that municipalities can bundle power,2,FL,BA,0
Stimulating regional collaboration,2,FL,BA,0
Creating one digital patient-record for both primary care providers and providers working at second line health care,2,FL,BA,0
Creating clear and sustainable funding within which flexibility and your own emphases are possible.,2,FL,FF,6
Rewarding financially for participation in multidisciplinary collaboration,2,FL,FF,0
Providing funding with guaranteed envelopes given positive evaluation to continue long-term ambitions,2,FL,FF,4
Giving networks control and provide those networks with population funding ,2,FL,FF,1
Financing collaboration such as MFO,2,FL,FF,0
"Providing funding where collaboration and consultation is reimbursed, move away from performance driven funding",2,FL,FF,0
Providing automatic allocation of rights (financally) for patients,2,FL,FF,0
Rewarding financially for meetings and follow-up meetings,2,FL,FF,2
Paying attention to a holistic view of health care (including wellfare),2,FL,FF,0
Learning from other countries to see how they have handled funding changes,2,FL,FF,0
Focusing on communication to increase the level of support,2,FL,RC,6
Raising awareness about integrated care,2,FL,RC,1
"Limiting projects but ensure that if they prove to be of value, they are secured and expanded.",2,FL,RC,2
"Developing competencies (e.g. coordination of projects in primary care zones, project management, population management)",2,FL,RC,3
Providing for multidisciplinary collaboration in educational programs,2,FL,RC,0
Providing incentives in positive and negative direction to move away from performance driven funded health care,2,FL,RC,0
Supporting the ambassadors of change and focus less on resistance,2,FL,RC,0
Learning from the experience in the covid vaccination centers about multidisciplinary collaboration,2,FL,RC,0
Increasing the competence about integrated care in the government,2,FL,RC,0
Creating an interfederal plan with reformed funding,2,FL,"BA,FF,RC",0
"Creating new policies by working bottom-up, create a participatory process with all stakeholders",2,FL,"BA,FF,RC",0
Realizing a state reform,2,FL,"BA,FF,RC",3
"Organising health care based on volume/scale (Intensive care on a large scale, generalistic care as close as possible to the citizens)",2,FL,"BA,FF,RC",0
"Investing in intersectoral, transmural care programs",2,FL,"BA,FF,RC",0
"Defining a concrete definition and/or criteria of what makes someone ""vulnerable"".",3,FL,PA,0
Increasing the involvement of the target group itself,3,FL,PA,0
Providing a vision for public health ,3,FL,PA,2
Providing training,3,FL,PA,2
Providing staffing,3,FL,PA,2
Providing financial resources,3,FL,PA,2
"Providing access for all professionals and stakeholders to qualitative information (EBP, guidlines)",3,FL,PA,0
Providing one access point to different databases,3,FL,PA,0
Creating a user-friendly dashboard with relevant data for primary care zones and community-based health care initiatives,3,FL,PA,0
Developing one digital patient-record for both primary care providers and providers working at second line health care,3,FL,PA,0
Providing structure and training so priority target groups are handled in the same way,3,FL,PA,0
"Improving the participatory culture, involve the patient in delineating target groups",3,FL,PA,3
Providing time for staff to work with available data and tools within a primary or regional care zone,3,FL,PA,0
Providing training that staff can work with data and around population health approach,3,FL,PA,0
Providing access for all health care and welfare professionals to digital tools,3,FL,DI,0
Creating a link between different digital platforms to eliminate double registration,3,FL,DI,1
Investing in interoperability to exchange data,3,FL,DI,0
Providing access for all professionals to essential info regarding the patient,3,FL,DI,4
Labeling a limited number of systems that meet high international standards (registration and analysis),3,FL,DI,0
Requiring interoperability between software systems via homologation,3,FL,DI,0
Developing one digital patient-record,3,FL,DI,5
Developing one digital patient-record linked to the own software of the health care provider,3,FL,DI,0
Setting up initiatives to minimize the digital gap,3,FL,DI,0
Providing access for patients,3,FL,DI,0
Ensuring tools are userfriendly and understandable to the patient,3,FL,DI,0
Defining case management and care coordination,3,FL,PC,0
Providing room for innovation,3,FL,PC,0
Preserving good practices,3,FL,PC,0
Defining roles and expectations,3,FL,PC,0
"Defining concrete actions across different policy domains (care, housing, welfare)",3,FL,PC,0
Developing a transmural trajectory on chronic care for elderly,3,FL,PC,3
Defining  a framework and funding for case management and care coordination (including MDO),3,FL,PC,0
Creating care pathways that adress more than one disease,3,FL,PC,0
Providing funding for coordinating functions,3,FL,PC,0
Redesigning hospital network according to the reality of primary care zones ,3,FL,PC,1
"Reviewing the reimbursments of actors that are counterproductive (doctors, hospitals)",3,FL,PC,0
Creating care pathways for integrated care (e.g.frailty) and not 1 pathology,3,FL,PC,0
Creating care pathways with attention to psychosocial aspects and be worked out transmural,3,FL,PC,2
Creating a GDPR-framework for integrated care,3,FL,"PA,DI,PC",0
Establishing rules for integrated care for all actores (Flemisch and federal),3,FL,"PA,DI,PC",4
Communicating (long-term) vision integrated care,3,FL,"PA,DI,PC",2
Including welfare when looking at care initiatives,3,FL,"PA,DI,PC",3
Creating a learning network to share best practices,3,FL,"PA,DI,PC",0
Coordinating federal and federated authorities so deadlines are equal ,3,FL,"PA,DI,PC",1
Allowing time to demonstrate return of investment (long-term thinking),3,FL,"PA,DI,PC",4
Aligning timing and goals ( trajectory with one coordinator),3,FL,"PA,DI,PC",1
Bringing together and implement all ongoing pilot projects,3,FL,"PA,DI,PC",19
"Bringing together and coordinate integrated care initiatives (both digital and process,...)",3,FL,"PA,DI,PC",0
Getting to know other health care providers and formulate a joint plan,3,FL,"PA,DI,PC",0
Recognizing each others own expertise and using this expertise as a positive touch.,3,FL,"PA,DI,PC",0
Creating a learning network with all stakeholders and foresee time (ensure continuity) and coordination,3,FL,"PA,DI,PC",2
Eliminating unnecessary structures and give necessary players a mandate,3,FL,"PA,DI,PC",5
Implementing the neighbourhood approach as in the Leuven chronic care project,4,FL,PA,0
Working out in depth 1 example case with regard to big data (e.g. fine dust),4,FL,PA,0
Drawing up an action plan aimed at permanently installing a quality culture: Introducing the PDCA cycle in teams of care providers,4,FL,PA,0
Using health insurance funds as support/facilitator/data supplier for population management projects and primary care zones,4,FL,PA,3
Installing an overarching platform on cooperation,4,FL,PA,0
" Creating one location where citizen or patients can go with all questions on welfare, prevention and health (e.g. GBO?)",4,FL,PA,0
"Creating an inter-federal plan and grafting governance onto it: the federal, regional and local authorities together support loco-regional action plans",4,FL,PA,0
Developing a Master programme on Population Health Management for clinicians and policy makers (cfr. Leiden),4,FL,PA,0
Opening up databases for the use of population health management,4,FL,PA,0
Defining preconditions and handling them,4,FL,PA,0
Training professionals in population health management on a micro scale,4,FL,PA,0
Installing an advisory working group in cooperation with the government on financing prevention and health,4,FL,FF,0
Adjusting law / decree (by capucino model),4,FL,FF,0
"Developing a ""Marshall Plan first line"" for better and different financing of primary care professionals",4,FL,FF,0
Providing mix of performance-based (must be lower than now) and fixed fee financing (must be higher than now),4,FL,FF,0
Providing bundled payment for chronic diseases,4,FL,FF,0
Research on cost-effectiveness of prevention,4,FL,FF,0
Using funding as an incentive for multidisciplinarity and integration,4,FL,FF,0
Providing financial incentives to work on prevention,4,FL,FF,0
Providing support and guidance in designing creative/innovative financing processes,4,FL,FF,2
Reorganising funding 'within a profession' to safely take money away from existing fees and shift it to new fees,4,FL,FF,0
Installing the Capucino model and distinguishing between financing of individuals and of supportive structures,4,FL,FF,0
Providing a formal double guarantee before financing otherwise: not touching the total income of a care provider and not increasing the workload,4,FL,FF,0
Roll out a good practice in the whole of Flanders and finance it structurally (e.g. cooperation between mental health care and Social Housing Company),4,FL,FF,0
Implementing the plan of the task force appropriate care (NIHDI 2022-2024),4,FL,IM,0
"Focusing on quick wins, such as eliminating administrative time wasters and burdens, in exchange for more time for specific tasks or patient populations.",4,FL,IM,0
Providing an experimental space to try new things for a temporarily duration,4,FL,IM,0
"Attention to fundamental innovations, such as the application of new technologies or techniques, in exchange for the elimination of obsolete treatments or performances",4,FL,IM,0
Ensure that successful innovation are rolled out in all regions,4,FL,IM,0
"Urgently adapting the ICT, away from the current monstrosity towards one workable system",4,FL,IM,0
Including the competence 'innovative mindset' and knowledge of basic tools as a fixed item in the curriculum of health care professions,4,FL,IM,0
"Hold, evaluate and further develop innovations by covid",4,FL,IM,1
Establishing first line networks or neighbourhood teams to overcome fragmentation in the first line,4,FL,"PA,FF,IM",3
"Providing a system for neighbourhood teams to micromanage: managing budgets according to the needs of the neighbourhood, mastering digital tools and using them as a quality system, and providing regulatory space for innovation",4,FL,"PA,FF,IM",0
Learning from current projects and listing a range of 'options' and trials and errors,4,FL,"PA,FF,IM",1
Taking a community healt center as an exemplary model of integrated cooperation,4,FL,"PA,FF,IM",0
Creating an action plan to address preconditions,4,FL,"PA,FF,IM",0
Developing a cooperation model in funding,4,FL,"PA,FF,IM",1
"Put the coordinators of the primary care zones, who are now working isolated, in a team at the regional care zone level",4,FL,"PA,FF,IM",0
Ensuring interdisciplinary learning (both for students and teachers),4,FL,"PA,FF,IM",0
Citizens' right to receive accessible care and quality care regardless of the project: how do we keep a maze of initiatives equal in terms of access for all?,4,FL,"PA,FF,IM",4
Developing an integrated digital patient record with possibilities for easy digital communication between care providers,4,FL,"PA,FF,IM",8
Are all regions entitled to GIZ? who decides where there is a need for GIZ?,4,FL,"PA,FF,IM",0
Developing patient partnerships at micro and meso level,4,FL,"PA,FF,IM",0
"Developing teams under one roof in primary care with nurse, physiotherapist, GP, psychologist and administrative support",4,FL,"PA,FF,IM",0
"Establishing an accessible contact point for citizens, so that they can be referred to, get the right information first hand",4,FL,"PA,FF,IM",2
"Installing a learning approach, learning from the bottom up",4,FL,"PA,FF,IM",1
Choosing which projects to roll out and ensuring this can be done structurally,4,FL,"PA,FF,IM",0
Focussing on one shared digital tool in which all healthcare providers (1st and 2nd line) can access and where there is a patient section where patients can consult their data,5,FL,CE,3
Providing work placements training for chronically ill persons,5,FL,CE,0
"Commit to clear and unambiguous language (very broad, but start with yourself)",5,FL,CE,0
Developing an uniform digital patient record with the possibility of data sharing,5,FL,CE,6
Strengthening disease-specific patient associations,5,FL,CE,1
Translate vision into working principles and adapt your organisation/practice to them effectively,5,FL,CE,0
Work truly goal-oriented: focus on personal goals in relation to care goals,5,FL,CE,0
"Training in goal-oriented care, like Zorgesperanto, ...",5,FL,CE,9
focus on training of caregivers in order to be able to assess needs in all dimensions of life (health and well-being),5,FL,CE,0
Work together in goal-oriented interprofessional networks to reduce coordination needs,5,FL,PC,0
"focus on collaboration, e.g. MDO where patient and informal carer are also at the table",5,FL,PC,8
"clearly define, organise and finance care coordination",5,FL,PC,2
Working towards a solid digital communication platform for patients and professionals,5,FL,PC,0
Drafting state reform or inter-federal plan,5,FL,PC,0
Encourage adequate referral and re-referral,5,FL,PC,0
organising integrated care festival where everyone comes together,5,FL,PC,1
"Broadening the basic training with e.g. goal-oriented care, interdisciplinary collaboration",5,FL,CB,6
focus on training (multidisciplinary collaboration) so that healthcare providers get to know each other and provide training for patients afterwards,5,FL,CB,0
provide more collaboration in training,5,FL,CB,0
Focus on role models: caregivers who are (or have become) patients,5,FL,CB,0
Aligning basic and advanced training across institutions,5,FL,CB,0
"Paying attention from day 1 in training to collaboration between disciplines/competencies, because the patient is a single entity and care must be focused on approaching him in this way",5,FL,CB,0
Embedding expertise of professional spiritual caregivers in health care education programs,5,FL,CB,0
Making competence development start from kindergarten onwards,5,FL,CB,0
Involve patient in training/educational programs,5,FL,CB,0
Commit to training for patients to participate in their pathway,5,FL,CB,0
"Guaranteeing good working conditions of staff (1 in 4 is a family caregiver, many chronically ill)",5,FL,CB,0
Provide clear regulations and policies (no x-number of systems),5,FL,"CE,PC,CB",0
Providing inter-federal pilot projects,5,FL,"CE,PC,CB",2
"Creating an overarching organization ""ombuds service"" to register/identify complaints/good examples",5,FL,"CE,PC,CB",3
Stop redefining regions primary care zones and give them a chance to grow and develop,5,FL,"CE,PC,CB",0
Work together in purposeful interprofessional networks to reduce coordination distress and better enable self-management,5,FL,"CE,PC,CB",0
Collect data / indicators to support an approach,5,FL,"CE,PC,CB",0
Look at working within pediatrics (good practice) because there the involvement and perspective of patient and environment seems more evident,5,FL,"CE,PC,CB",0
"Reduce fragmentation by discipline but create purposeful structures tailored to specific patients, situations. Underlying structure must allow for adaptations. ",5,FL,"CE,PC,CB",0
Achieve a cultural paradigm shift within healthcare to truly put patients first (tension between caring for patients and caring for yourself as a healthcare provider),5,FL,"CE,PC,CB",0
Informing citizens of what it means to be self-managing,6,FL,CE,2
Develop clear communications plan that explains vision of integrated care,6,FL,CE,0
Listening to patients/clients as experts by experience,6,FL,CE,1
Coordination around self-management with care workers and patient (speaking the same language),6,FL,CE,0
Creating integrated digital patient portals,6,FL,CE,0
Match appropriate language (to form and content) to patient's capabilities,6,FL,CE,0
"Providing the right support for the patient, especially for the most vulnerable groups, focusing on strengthening health skills",6,FL,CE,3
dialogue between the various authorities,6,FL,SG,0
Transform funding so that it is not just performance-based,6,FL,SG,0
Formulate one clear vision from the different policy levels and domains,6,FL,SG,0
"Align across policy levels (federal, community, local)",6,FL,SG,0
Determine patient populations to approach in an integrated way,6,FL,SG,3
Vision development,6,FL,SG,21
Determine finality of care as this determines organization and structure,6,FL,SG,1
clustering organizations in function of integrated care and not in function of policy domains (reorganization still starts from efficiency gains per organization),6,FL,SG,0
Adapt nomenclature/discipline and evolve to new funding models,6,FL,SG,3
Providing opportunities for data sharing,6,FL,SG,2
"Working to strengthen the first line, alongside local authorities, care councils and welfare ",6,FL,SG,7
Developing tools to support self-assessment,6,FL,RI,0
Test results against non-integrated alternatives,6,FL,RI,0
Demolition of walls between settings,6,FL,RI,0
Develop long term vision about integrated care so it is clear what we are working towards (works motivating),6,FL,"CE,SG,RI",0
"Sharing transmural initiatives, best practices ",6,FL,"CE,SG,RI",1
Start pilot projects within selected populations to test out approach,6,FL,"CE,SG,RI",0
Encourage collaboration between different aid/care providers,6,FL,"CE,SG,RI",0
Revising the RD 78 - completing the care tasks,6,FL,"CE,SG,RI",10
Adapting funding model for the needs of citizen/patient anno 2022 - 2025,6,FL,"CE,SG,RI",10
Enable societal debate based on pilot projects integrated care,6,FL,"CE,SG,RI",0
Developing care organization in consultation with care providers ,6,FL,"CE,SG,RI",0
Commit to discharge management from hospital admission (continuity of care and support at home),6,FL,"CE,SG,RI",1
Taking pilot projects seriously and making them sustainable,6,FL,"CE,SG,RI",0
"Invest structurally, not ad hoc and fragmented (e.g., caring neighborhoods)",6,FL,"CE,SG,RI",1
Provide perspective for continuing pilot/research projects and make results more widely known,6,FL,"CE,SG,RI",2
"Define a legislative framework around intersectoral collaboration to encourage this (e.g., how to share secretaries, how to exchange staff between hospitals)",6,FL,"CE,SG,RI",0
Break through sacred cows for example by daring to experiment with a different funding model,6,FL,"CE,SG,RI",0
"Ensuring that integrated care is tangible for the patient. Essence remains affordability, quality, accessibility.",1,BXL,BA,0
Communicate the essence of integrated care to healthcare providers and citizens in an accessible way,1,BXL,BA,3
Clarify concepts and raise awareness,1,BXL,BA,0
Focus on upgrading the training of professionals by emphasising integration and collaboration between providers and community,1,BXL,BA,0
Changing the perception of the importance of territorial networking (sharing experiences),1,BXL,BA,0
Relieve the administrative burden on providers,1,BXL,BA,0
Provide tools for collaboration between actors and to exchange experience between social coordinators,1,BXL,BA,0
Formalising care and support pools,1,BXL,SG,3
Strengthening the sustainability and resilience of pilot projects,1,BXL,SG,0
Improve the coherence of federal and regional funding,1,BXL,SG,14
"Strengthen collaboration and partnerships between the public sector, voluntary and non-governmental sectors at neighbourhood level",1,BXL,SG,3
Strengthening social coordination,1,BXL,SG,0
"Governance that secures equivalent supply, equivalent quality throughout Belgium",1,BXL,SG,2
"Develop reporting at the level of the first line, IMA, KCE",1,BXL,EM,0
Setting up monitoring indicators - quantitative and qualitative,1,BXL,EM,0
Build on what works + implement PDCA cycles,1,BXL,EM,1
"Avoidance of fragmentation of actions. Need for standard methodology database, care pathways, guidelines",1,BXL,EM,0
"develop partnerships (local actors (PCSW, municipality), primary care, specialized care)",1,BXL,"BA,SG,EM",8
Facilitate communication between stakeholders by developing/expanding existing tools,1,BXL,"BA,SG,EM",4
"Providing digital platforms for exchanges, sectorised",1,BXL,"BA,SG,EM",0
Moving away from current and sometimes outdated funding models / simplifying ,1,BXL,"BA,SG,EM",0
Provide incentives for providers to communicate,1,BXL,"BA,SG,EM",2
cooperation agreement between the federal and federated entities on health care in the Brussels Region,1,BXL,"BA,SG,EM",0
"Inventing the joint cpas, associative, liberal and community/federal partnership",1,BXL,"BA,SG,EM",0
To have a comprehensive directory of actors and their area of influence,1,BXL,"BA,SG,EM",2
Invest in research and development of relevant indicators population management,2,BXL,PA,1
more narrowly define which indicators to measure and for what purpose,2,BXL,PA,0
Investing in the development of competencies to elaborate actions from the analysis of the needs and requirements of the population,2,BXL,PA,0
Invest in the dashboards where activities and quality of care can be tracked,2,BXL,PA,0
Educate care and support providers about the added value of a population-based approach,2,BXL,PA,0
organize and structure (delete) the actors on a territory to improve the readability for the use,2,BXL,PA,1
Unlocking the available data,2,BXL,PA,0
Identify and quantify populations at risk for which specific action is needed,2,BXL,PA,0
integrating the dynamics of hidden territories (isolated/independent people) into policies,2,BXL,PA,0
Developing competencies to do popualtion management,2,BXL,PA,1
Focus more on prevention,2,BXL,PA,5
aligning access rights around patient info/customer info between healthcare providers ,2,BXL,DI,0
Make clear agreements between the policy levels,2,BXL,DI,4
allocate means for the digital training of the service and care at home,2,BXL,DI,6
"provide a secure framework for the exchange of confidential data (quality assurance by the authorities, which protects against sanctions)",2,BXL,DI,3
"ask the companies (developers) to give access to all the softwares i.e. allow the different softwares to ""talk"" to each other ex: HL7",2,BXL,DI,3
"developments sufficient testing, providing guidance for implementation",2,BXL,DI,3
Establish a system for professionals to attend one or two training sessions per year,2,BXL,CB,1
Have students follow up a number of multimorbid patients over a period of time instead of departments of institutions,2,BXL,CB,0
bringing education and the professional field closer together,2,BXL,CB,3
training in multiculturalism and integrated care for health professionals in their core curriculum,2,BXL,CB,0
"include certain themes in the basic training of professionals (e.g. gender issues, sexual health, etc.)",2,BXL,CB,1
educate caregivers about potential transition points in the care process,2,BXL,CB,0
more focus on diversity,2,BXL,CB,0
encourage detachments to institutions,2,BXL,CB,0
provided with sufficient resources,2,BXL,"PA,DI,CB",4
valorizing/rewarding multidisciplinary collaboration,2,BXL,"PA,DI,CB",6
Make support services (such as translation) more widely accessible (not just in health care),2,BXL,"PA,DI,CB",0
install and encourage other forms of funding (not performance-based funding),2,BXL,"PA,DI,CB",2
remove barriers between care and welfare,2,BXL,"PA,DI,CB",6
simplifying the levels of power: communes/ region/ cocof/ cocom/ federal ,2,BXL,"PA,DI,CB",6
"Make certain skills accessible via the digital infrastructure (supervisions, translations, consultations...) allowing a popualtional approach for specific patient groups",2,BXL,"PA,DI,CB",4
Drawing up a multiannual plan: establishing a long-term vision,3,BXL,FF,0
Ensuring consistency between regional and federal funding,3,BXL,FF,3
"Conducting a societal debate (other form of financing also has implications e.g. data, freedom of choice)",3,BXL,FF,0
Basing funding on a long-term strategy ,3,BXL,FF,11
"Ensuring equal financial incentives for authorities and patients (support from welfare currently costs much more for patients than, for example, having a home VP come to visit)",3,BXL,FF,2
Dare to take a step backwards and change direction,3,BXL,RI,0
Introducing rules that ensure that obstacles are neutralised,3,BXL,RI,0
Give time to analyse the actions carried out and to adapt them,3,BXL,RI,0
Develop a self-assessment tool and make it available so that pilot projects can demonstrate what they have achieved,3,BXL,IM,1
Improve communication between healthcare providers and between healthcare providers and patients,3,BXL,IM,0
Training for health care providers such as MFO (medical-pharmaceutical consultation): promotes cooperation between health care providers,3,BXL,IM,0
Conducting thematic working groups but also including the different meso levels.,3,BXL,IM,0
Equipping providers and structures to think about evaluation/reflexivity,3,BXL,"FF,RI,IM",1
Create spaces for co-construction of an integrated care infrastructure (including social sector),3,BXL,"FF,RI,IM",2
Further embedding a culture of integrated care in basic and further training,3,BXL,"FF,RI,IM",0
Carrying out a state reform,3,BXL,"FF,RI,IM",0
re-federalisation (also 1980) and re-creation of the province of Brabant,3,BXL,"FF,RI,IM",6
Caregivers' curricula: ensure correct registration as it is an integral part of quality practice,3,BXL,"FF,RI,IM",1
Know who does what (have an inventory) ,3,BXL,"FF,RI,IM",2
Developing a long-term vision from a blank sheet of paper and starting from the patient himself,3,BXL,"FF,RI,IM",2
Increasing the efficiency of government,3,BXL,"FF,RI,IM",2
Promoting Goal-Oriented Care,4,BXL,CE,7
Further develop role as referent of the person (autonomy support),4,BXL,CE,0
"from schools to residential care centres, so to speak, give training to citizens (and professionals) on what citizen empowerment is and why it is an added value",4,BXL,CE,3
"More research on patient experiences, proms, patient stories, complaints",4,BXL,CE,3
adapt the initial training of professionals (softskills + awareness raising by patients),4,BXL,CE,0
provide information that is understandable for everyone ,4,BXL,CE,3
"create a website for patients that is intuitive, inclusive and in multiple languages ",4,BXL,CE,3
"Provide face-to-face contacts, support for those who are less digitally literate, more vulnerable. ",4,BXL,CE,0
"Provide common information, awareness, guidelines, methodologies, care pathways. Ensure less fragmentation.",4,BXL,CE,0
"Commit to health literacy, but also open up reliable sources of information: how do you recognise them, but also which ones are good examples?",4,BXL,CE,0
working on health literacy from kindergarten onwards,4,BXL,CE,6
Applying shared decision making skills: how to arrive at a care plan together ,4,BXL,CE,2
"Making integrated care tangible for the patient (close to patient, directly with patient, now sometimes focus on integrated care between care providers without patient offer) = added value for the patient, as he experiences his care",4,BXL,CE,1
Provide proper funding for the case management function,4,BXL,PC,0
Developing care pathways together with patients (so that they fit the needs and are simple enough),4,BXL,PC,0
"Thinking from the perspective of the citizen and the route he needs/wants to take: then you get easily accessible information, then you simplify systems and routes and then you get logical care routes... For example, when charging a covid safe ticket: thinking of what the 82-year-old lady has to do to get it and how does she find out about it? this is entirely developed from supply-oriented thinking, not from demand-oriented thinking. ",4,BXL,PC,0
"Allow flexibility in the case manager function (a network stakeholder assumes the function or a case manager professional), including through funding",4,BXL,PC,0
Let the patient decide who can be his care coordinator,4,BXL,PC,2
Multidisciplinary consultation space between care lines - at local level ,4,BXL,PC,0
Support multidisciplinary consultation (financing and digitalisation),4,BXL,PC,5
organise meetings with relevant actors at a local level,4,BXL,PC,4
"Support, facilitate and reward ""working together"": ensure timely recognition and rewarding of working together to plan and deliver care, sharing data with each other...",4,BXL,PC,3
Fund communication/coordination time as well ,4,BXL,PC,1
Define the different functions in such a way that there is clarity,4,BXL,PC,0
Targeted communication to interested actors,4,BXL,RC,0
Provide a creative space with a flexible framework - living labs,4,BXL,RC,0
Changing attitudes in the field among all stakeholders in such a way that everyone wants to be part of the integrated care story,4,BXL,RC,0
"make the added value visible: transfer the generated profit / added value to those who invested in it (on macro, meso and micro level). (i.e. for competent authorities: transfer the profit generated by this model to the authority that made the investment; for organisations: transfer the created surplus value to more space and support (don't punish with less means); at citizen level: if the citizen is willing and able: reward him as well (financially or otherwise)",4,BXL,RC,1
Make the message simple and understandable so that everyone in the field knows integrated care,4,BXL,RC,0
Review the consultation model (Macro decision making),4,BXL,RC,0
Communicating the integrated care approach to create a shared culture,4,BXL,RC,6
Organise innovation labs,4,BXL,RC,0
"Reduce the digital gap: think from the citizen's point of view: what steps and how many clicks are needed to get somewhere, but also: provide a phone number for those who cannot do so",4,BXL,"CE,PC,RC",0
Developing communities of practice to promote goal-oriented care and coordination and for mindset shift,4,BXL,"CE,PC,RC",2
"Inform people about integrated care in a creative way (video, tik tok,...)",4,BXL,"CE,PC,RC",0
"Develop a shared vision. A single shared vision of integrated care is preceded by a shared vision of care that is developed together, including the recipients of care. It is about changing attitudes and behaviour, and a medium- and long-term vision is necessary.",4,BXL,"CE,PC,RC",3